country,food_category,consumption,co2_emmission,continent
Argentina,Pork,10.51,37.2,South America
Argentina,Poultry,38.660000000000004,41.53,South America
Argentina,Beef,55.48,1712,South America
Argentina,Lamb & Goat,1.56,54.63,South America
Argentina,Fish,4.359999999999999,6.96,South America
Argentina,Eggs,11.39,10.46,South America
Argentina,Milk - inc. cheese,195.08,277.87,South America
Argentina,Wheat and Wheat Products,103.11,19.66,South America
Argentina,Rice,8.77,11.219999999999999,South America
Argentina,Soybeans,0,0,South America
Argentina,Nuts inc. Peanut Butter,0.49,0.8700000000000001,South America
Australia,Pork,24.14,85.44000000000001,Oceania
Australia,Poultry,46.120000000000005,49.54,Oceania
Australia,Beef,33.86,1044.85,Oceania
Australia,Lamb & Goat,9.870000000000001,345.65000000000003,Oceania
Australia,Fish,17.69,28.25,Oceania
Australia,Eggs,8.51,7.819999999999999,Oceania
Australia,Milk - inc. cheese,234.49,334.01,Oceania
Australia,Wheat and Wheat Products,70.46000000000001,13.44,Oceania
Australia,Rice,11.03,14.12,Oceania
Australia,Soybeans,0.19,0.09,Oceania
Australia,Nuts inc. Peanut Butter,8.729999999999999,15.450000000000001,Oceania
Albania,Pork,10.88,38.51,Europe
Albania,Poultry,13.229999999999999,14.209999999999999,Europe
Albania,Beef,22.5,694.3,Europe
Albania,Lamb & Goat,15.32,536.5,Europe
Albania,Fish,3.8499999999999996,6.1499999999999995,Europe
Albania,Eggs,12.450000000000001,11.44,Europe
Albania,Milk - inc. cheese,303.71999999999997,432.62,Europe
Albania,Wheat and Wheat Products,138.64,26.439999999999998,Europe
Albania,Rice,7.78,9.96,Europe
Albania,Soybeans,0,0,Europe
Albania,Nuts inc. Peanut Butter,4.359999999999999,7.72,Europe
Iceland,Pork,21.69,76.77,Europe
Iceland,Poultry,26.87,28.86,Europe
Iceland,Beef,13.360000000000001,412.26,Europe
Iceland,Lamb & Goat,21.12,739.62,Europe
Iceland,Fish,74.41000000000001,118.81,Europe
Iceland,Eggs,8.239999999999998,7.57,Europe
Iceland,Milk - inc. cheese,225.82000000000002,321.66,Europe
Iceland,Wheat and Wheat Products,72.92,13.91,Europe
Iceland,Rice,3.8899999999999997,4.98,Europe
Iceland,Soybeans,0.11,0.05,Europe
Iceland,Nuts inc. Peanut Butter,3.88,6.87,Europe
New Zealand,Pork,22.29,78.9,Oceania
New Zealand,Poultry,34.98,37.58,Oceania
New Zealand,Beef,22.49,693.99,Oceania
New Zealand,Lamb & Goat,18.91,662.23,Oceania
New Zealand,Fish,20.36,32.51,Oceania
New Zealand,Eggs,9.91,9.1,Oceania
New Zealand,Milk - inc. cheese,137.25,195.5,Oceania
New Zealand,Wheat and Wheat Products,76.91000000000001,14.67,Oceania
New Zealand,Rice,9.16,11.719999999999999,Oceania
New Zealand,Soybeans,0.44,0.2,Oceania
New Zealand,Nuts inc. Peanut Butter,8.219999999999999,14.55,Oceania
United States of America,Pork,27.64,97.83,North America
United States of America,Poultry,50.01,53.720000000000006,North America
United States of America,Beef,36.24,1118.29,North America
United States of America,Lamb & Goat,0.43000000000000005,15.06,North America
United States of America,Fish,12.350000000000001,19.72,North America
United States of America,Eggs,14.58,13.39,North America
United States of America,Milk - inc. cheese,254.69,362.78,North America
United States of America,Wheat and Wheat Products,80.43,15.34,North America
United States of America,Rice,6.88,8.8,North America
United States of America,Soybeans,0.04,0.02,North America
United States of America,Nuts inc. Peanut Butter,7.859999999999999,13.91,North America
Uruguay,Pork,16.84,59.61,South America
Uruguay,Poultry,27.45,29.49,South America
Uruguay,Beef,29.1,897.9599999999999,South America
Uruguay,Lamb & Goat,8.229999999999999,288.21,South America
Uruguay,Fish,6.53,10.43,South America
Uruguay,Eggs,13.139999999999999,12.07,South America
Uruguay,Milk - inc. cheese,210.54,299.89,South America
Uruguay,Wheat and Wheat Products,109.31,20.85,South America
Uruguay,Rice,11.5,14.719999999999999,South America
Uruguay,Soybeans,0.01,0,South America
Uruguay,Nuts inc. Peanut Butter,0.9500000000000001,1.6800000000000002,South America
Luxembourg,Pork,43.58,154.25,Europe
Luxembourg,Poultry,21.37,22.959999999999997,Europe
Luxembourg,Beef,29.88,922.03,Europe
Luxembourg,Lamb & Goat,1.6700000000000002,58.48,Europe
Luxembourg,Fish,23.09,36.87,Europe
Luxembourg,Eggs,14.639999999999999,13.450000000000001,Europe
Luxembourg,Milk - inc. cheese,255.3,363.65000000000003,Europe
Luxembourg,Wheat and Wheat Products,103.2,19.68,Europe
Luxembourg,Rice,4.2,5.37,Europe
Luxembourg,Soybeans,0.04,0.02,Europe
Luxembourg,Nuts inc. Peanut Butter,0.93,1.6500000000000001,Europe
Brazil,Pork,12.6,44.6,South America
Brazil,Poultry,45,48.339999999999996,South America
Brazil,Beef,39.25,1211.1699999999998,South America
Brazil,Lamb & Goat,0.62,21.71,South America
Brazil,Fish,10.01,15.98,South America
Brazil,Eggs,8.98,8.25,South America
Brazil,Milk - inc. cheese,149.28,212.63,South America
Brazil,Wheat and Wheat Products,53,10.11,South America
Brazil,Rice,32.13,41.120000000000005,South America
Brazil,Soybeans,3.62,1.6300000000000001,South America
Brazil,Nuts inc. Peanut Butter,0.6699999999999999,1.1900000000000002,South America
Kazakhstan,Pork,10.360000000000001,36.67,Asia
Kazakhstan,Poultry,18.38,19.74,Asia
Kazakhstan,Beef,23.38,721.4599999999999,Asia
Kazakhstan,Lamb & Goat,9.56,334.78999999999996,Asia
Kazakhstan,Fish,5.21,8.32,Asia
Kazakhstan,Eggs,8.29,7.619999999999999,Asia
Kazakhstan,Milk - inc. cheese,288.12,410.4,Asia
Kazakhstan,Wheat and Wheat Products,92.31,17.6,Asia
Kazakhstan,Rice,7.319999999999999,9.370000000000001,Asia
Kazakhstan,Soybeans,0.03,0.01,Asia
Kazakhstan,Nuts inc. Peanut Butter,5.14,9.1,Asia
Sweden,Pork,37,130.96,Europe
Sweden,Poultry,16.64,17.87,Europe
Sweden,Beef,24.58,758.49,Europe
Sweden,Lamb & Goat,1.41,49.379999999999995,Europe
Sweden,Fish,23.86,38.1,Europe
Sweden,Eggs,13.370000000000001,12.28,Europe
Sweden,Milk - inc. cheese,341.22999999999996,486.05,Europe
Sweden,Wheat and Wheat Products,79.59,15.18,Europe
Sweden,Rice,5.96,7.63,Europe
Sweden,Soybeans,0.13,0.06,Europe
Sweden,Nuts inc. Peanut Butter,6.23,11.03,Europe
Bermuda,Pork,28.24,99.96000000000001,N/A
Bermuda,Poultry,32.620000000000005,35.04,N/A
Bermuda,Beef,33.15,1022.9399999999999,N/A
Bermuda,Lamb & Goat,2.71,94.9,N/A
Bermuda,Fish,33.220000000000006,53.04,N/A
Bermuda,Eggs,14.92,13.709999999999999,N/A
Bermuda,Milk - inc. cheese,95.56,136.12,N/A
Bermuda,Wheat and Wheat Products,54.879999999999995,10.47,N/A
Bermuda,Rice,5.38,6.88,N/A
Bermuda,Soybeans,0.22,0.1,N/A
Bermuda,Nuts inc. Peanut Butter,5.72,10.12,N/A
Denmark,Pork,24.87,88.03,Europe
Denmark,Poultry,26.75,28.73,Europe
Denmark,Beef,28.459999999999997,878.22,Europe
Denmark,Lamb & Goat,0.92,32.220000000000006,Europe
Denmark,Fish,16.49,26.330000000000002,Europe
Denmark,Eggs,15.350000000000001,14.1,Europe
Denmark,Milk - inc. cheese,277.3,394.98999999999995,Europe
Denmark,Wheat and Wheat Products,98,18.69,Europe
Denmark,Rice,4.96,6.35,Europe
Denmark,Soybeans,0.03,0.01,Europe
Denmark,Nuts inc. Peanut Butter,5.94,10.51,Europe
Finland,Pork,36.14,127.92,Europe
Finland,Poultry,19.87,21.34,Europe
Finland,Beef,19.22,593.09,Europe
Finland,Lamb & Goat,0.53,18.56,Europe
Finland,Fish,33.8,53.97,Europe
Finland,Eggs,9.55,8.77,Europe
Finland,Milk - inc. cheese,430.76,613.57,Europe
Finland,Wheat and Wheat Products,81.99000000000001,15.639999999999999,Europe
Finland,Rice,4.42,5.659999999999999,Europe
Finland,Soybeans,0.08,0.04,Europe
Finland,Nuts inc. Peanut Butter,3.4299999999999997,6.07,Europe
Ireland,Pork,32.4,114.67999999999999,Europe
Ireland,Poultry,26.259999999999998,28.21,Europe
Ireland,Beef,22.35,689.6700000000001,Europe
Ireland,Lamb & Goat,4.1,143.58,Europe
Ireland,Fish,17.39,27.77,Europe
Ireland,Eggs,8.96,8.229999999999999,Europe
Ireland,Milk - inc. cheese,291.86,415.72999999999996,Europe
Ireland,Wheat and Wheat Products,107.98,20.59,Europe
Ireland,Rice,3,3.84,Europe
Ireland,Soybeans,0.25,0.11,Europe
Ireland,Nuts inc. Peanut Butter,4.1,7.26,Europe
Greece,Pork,28.310000000000002,100.2,Europe
Greece,Poultry,15.739999999999998,16.91,Europe
Greece,Beef,16.1,496.81,Europe
Greece,Lamb & Goat,12.47,436.7,Europe
Greece,Fish,14.42,23.02,Europe
Greece,Eggs,10.129999999999999,9.31,Europe
Greece,Milk - inc. cheese,255.26,363.59,Europe
Greece,Wheat and Wheat Products,124.04,23.650000000000002,Europe
Greece,Rice,6.64,8.5,Europe
Greece,Soybeans,0.02,0.01,Europe
Greece,Nuts inc. Peanut Butter,10.5,18.59,Europe
France,Pork,33.05,116.98,Europe
France,Poultry,22.93,24.630000000000003,Europe
France,Beef,23.810000000000002,734.73,Europe
France,Lamb & Goat,3.2800000000000002,114.86999999999999,Europe
France,Fish,22.91,36.58,Europe
France,Eggs,13.129999999999999,12.06,Europe
France,Milk - inc. cheese,241.31,343.71999999999997,Europe
France,Wheat and Wheat Products,108.43,20.68,Europe
France,Rice,4.88,6.24,Europe
France,Soybeans,0.05,0.02,Europe
France,Nuts inc. Peanut Butter,5.39,9.54,Europe
Canada,Pork,22.810000000000002,80.74000000000001,North America
Canada,Poultry,36.68,39.4,North America
Canada,Beef,30.25,933.4499999999999,North America
Canada,Lamb & Goat,0.97,33.97,North America
Canada,Fish,14.56,23.25,North America
Canada,Eggs,12.950000000000001,11.9,North America
Canada,Milk - inc. cheese,187.76999999999998,267.46,North America
Canada,Wheat and Wheat Products,84.96000000000001,16.2,North America
Canada,Rice,12.65,16.19,North America
Canada,Soybeans,0.9400000000000001,0.42000000000000004,North America
Canada,Nuts inc. Peanut Butter,8.01,14.18,North America
Norway,Pork,23.51,83.21000000000001,Europe
Norway,Poultry,21.01,22.57,Europe
Norway,Beef,19.830000000000002,611.91,Europe
Norway,Lamb & Goat,5.34,187.01,Europe
Norway,Fish,38.18,60.96,Europe
Norway,Eggs,11.41,10.48,Europe
Norway,Milk - inc. cheese,261.34000000000003,372.25,Europe
Norway,Wheat and Wheat Products,97.11999999999999,18.52,Europe
Norway,Rice,4.359999999999999,5.58,Europe
Norway,Soybeans,0.11,0.05,Europe
Norway,Nuts inc. Peanut Butter,5.28,9.350000000000001,Europe
Hong Kong SAR. China,Pork,67.11,237.54,N/A
Hong Kong SAR. China,Poultry,54.86,58.93,N/A
Hong Kong SAR. China,Beef,25.82,796.75,N/A
Hong Kong SAR. China,Lamb & Goat,2.22,77.74000000000001,N/A
Hong Kong SAR. China,Fish,42.44,67.76,N/A
Hong Kong SAR. China,Eggs,14.5,13.32,N/A
Hong Kong SAR. China,Milk - inc. cheese,105.85,150.76999999999998,N/A
Hong Kong SAR. China,Wheat and Wheat Products,53.14,10.129999999999999,N/A
Hong Kong SAR. China,Rice,43.48,55.64,N/A
Hong Kong SAR. China,Soybeans,2.79,1.26,N/A
Hong Kong SAR. China,Nuts inc. Peanut Butter,13.81,24.439999999999998,N/A
French Polynesia,Pork,14.75,52.21,N/A
French Polynesia,Poultry,49.55,53.230000000000004,N/A
French Polynesia,Beef,30.9,953.51,N/A
French Polynesia,Lamb & Goat,2.8299999999999996,99.11,N/A
French Polynesia,Fish,38.949999999999996,62.190000000000005,N/A
French Polynesia,Eggs,8.75,8.04,N/A
French Polynesia,Milk - inc. cheese,93.56,133.26999999999998,N/A
French Polynesia,Wheat and Wheat Products,68.66999999999999,13.1,N/A
French Polynesia,Rice,35.59,45.54,N/A
French Polynesia,Soybeans,0.77,0.35,N/A
French Polynesia,Nuts inc. Peanut Butter,2.34,4.14,N/A
Israel,Pork,1.99,7.04,Asia
Israel,Poultry,62.5,67.14,Asia
Israel,Beef,28.779999999999998,888.09,Asia
Israel,Lamb & Goat,1.87,65.49000000000001,Asia
Israel,Fish,22.18,35.41,Asia
Israel,Eggs,11.350000000000001,10.43,Asia
Israel,Milk - inc. cheese,193.6,275.76,Asia
Israel,Wheat and Wheat Products,110.86,21.14,Asia
Israel,Rice,16.810000000000002,21.51,Asia
Israel,Soybeans,0.1,0.05,Asia
Israel,Nuts inc. Peanut Butter,7.71,13.65,Asia
Switzerland,Pork,31.49,111.46000000000001,Europe
Switzerland,Poultry,16.38,17.6,Europe
Switzerland,Beef,21.259999999999998,656.04,Europe
Switzerland,Lamb & Goat,1.42,49.730000000000004,Europe
Switzerland,Fish,13.48,21.52,Europe
Switzerland,Eggs,10.53,9.67,Europe
Switzerland,Milk - inc. cheese,318.69,453.94,Europe
Switzerland,Wheat and Wheat Products,89.51,17.07,Europe
Switzerland,Rice,2.4299999999999997,3.11,Europe
Switzerland,Soybeans,0.44,0.2,Europe
Switzerland,Nuts inc. Peanut Butter,9.27,16.41,Europe
Netherlands,Pork,36.36,128.7,Europe
Netherlands,Poultry,23.9,25.67,Europe
Netherlands,Beef,17.67,545.26,Europe
Netherlands,Lamb & Goat,0.9400000000000001,32.92,Europe
Netherlands,Fish,18.64,29.759999999999998,Europe
Netherlands,Eggs,14.03,12.89,Europe
Netherlands,Milk - inc. cheese,341.46999999999997,486.39,Europe
Netherlands,Wheat and Wheat Products,70.16999999999999,13.38,Europe
Netherlands,Rice,2.9299999999999997,3.75,Europe
Netherlands,Soybeans,0.12000000000000001,0.05,Europe
Netherlands,Nuts inc. Peanut Butter,7.94,14.05,Europe
Kuwait,Pork,0,0,Asia
Kuwait,Poultry,53.61,57.59,Asia
Kuwait,Beef,13.03,402.08,Asia
Kuwait,Lamb & Goat,15.61,546.66,Asia
Kuwait,Fish,11.99,19.14,Asia
Kuwait,Eggs,12.6,11.57,Asia
Kuwait,Milk - inc. cheese,157.66,224.57,Asia
Kuwait,Wheat and Wheat Products,96.76,18.45,Asia
Kuwait,Rice,43.83,56.09,Asia
Kuwait,Soybeans,0.06,0.03,Asia
Kuwait,Nuts inc. Peanut Butter,5.23,9.26,Asia
United Kingdom,Pork,25.79,91.28,Europe
United Kingdom,Poultry,31.55,33.89,Europe
United Kingdom,Beef,18.12,559.15,Europe
United Kingdom,Lamb & Goat,4.49,157.23999999999998,Europe
United Kingdom,Fish,15.49,24.73,Europe
United Kingdom,Eggs,11.08,10.18,Europe
United Kingdom,Milk - inc. cheese,232.2,330.75,Europe
United Kingdom,Wheat and Wheat Products,98.63,18.810000000000002,Europe
United Kingdom,Rice,6.39,8.18,Europe
United Kingdom,Soybeans,0.05,0.02,Europe
United Kingdom,Nuts inc. Peanut Butter,4.18,7.4,Europe
Austria,Pork,52.56,186.04,Europe
Austria,Poultry,18.610000000000003,19.99,Europe
Austria,Beef,17.14,528.9,Europe
Austria,Lamb & Goat,1.1600000000000001,40.620000000000005,Europe
Austria,Fish,12.16,19.419999999999998,Europe
Austria,Eggs,14.68,13.49,Europe
Austria,Milk - inc. cheese,258.09,367.62,Europe
Austria,Wheat and Wheat Products,81.1,15.47,Europe
Austria,Rice,3.7,4.73,Europe
Austria,Soybeans,2.06,0.93,Europe
Austria,Nuts inc. Peanut Butter,7.88,13.950000000000001,Europe
Oman,Pork,0.01,0.04,Asia
Oman,Poultry,31.51,33.849999999999994,Asia
Oman,Beef,15.1,465.95,Asia
Oman,Lamb & Goat,12.870000000000001,450.71,Asia
Oman,Fish,21.56,34.42,Asia
Oman,Eggs,7.8,7.17,Asia
Oman,Milk - inc. cheese,152.28,216.91,Asia
Oman,Wheat and Wheat Products,64.1,12.219999999999999,Asia
Oman,Rice,56.55,72.36999999999999,Asia
Oman,Soybeans,0.21000000000000002,0.09,Asia
Oman,Nuts inc. Peanut Butter,1.6800000000000002,2.9699999999999998,Asia
Italy,Pork,40.28,142.57,Europe
Italy,Poultry,18.610000000000003,19.99,Europe
Italy,Beef,18.6,573.9599999999999,Europe
Italy,Lamb & Goat,0.92,32.220000000000006,Europe
Italy,Fish,15.6,24.91,Europe
Italy,Eggs,13.34,12.25,Europe
Italy,Milk - inc. cheese,246.88000000000002,351.66,Europe
Italy,Wheat and Wheat Products,146.37,27.91,Europe
Italy,Rice,5.74,7.35,Europe
Italy,Soybeans,0.01,0,Europe
Italy,Nuts inc. Peanut Butter,7.63,13.51,Europe
Bahamas,Pork,32.74,115.88,North America
Bahamas,Poultry,45.74,49.13,North America
Bahamas,Beef,19.919999999999998,614.69,North America
Bahamas,Lamb & Goat,5.22,182.8,North America
Bahamas,Fish,18.8,30.02,North America
Bahamas,Eggs,6.2,5.7,North America
Bahamas,Milk - inc. cheese,104.76,149.22,North America
Bahamas,Wheat and Wheat Products,39.98,7.619999999999999,North America
Bahamas,Rice,23.97,30.67,North America
Bahamas,Soybeans,0.09,0.04,North America
Bahamas,Nuts inc. Peanut Butter,4.03,7.13,North America
Portugal,Pork,37.91,134.18,Europe
Portugal,Poultry,30.14,32.379999999999995,Europe
Portugal,Beef,16.45,507.61,Europe
Portugal,Lamb & Goat,2.38,83.35,Europe
Portugal,Fish,45.39,72.47,Europe
Portugal,Eggs,9.05,8.31,Europe
Portugal,Milk - inc. cheese,205.04,292.06,Europe
Portugal,Wheat and Wheat Products,94.3,17.979999999999997,Europe
Portugal,Rice,14.860000000000001,19.02,Europe
Portugal,Soybeans,0.01,0,Europe
Portugal,Nuts inc. Peanut Butter,3.9099999999999997,6.92,Europe
Malta,Pork,34.24,121.19,Europe
Malta,Poultry,26.4,28.36,Europe
Malta,Beef,19.22,593.09,Europe
Malta,Lamb & Goat,1.1900000000000002,41.67,Europe
Malta,Fish,24.58,39.25,Europe
Malta,Eggs,11.639999999999999,10.69,Europe
Malta,Milk - inc. cheese,190.06,270.71999999999997,Europe
Malta,Wheat and Wheat Products,139.58,26.62,Europe
Malta,Rice,4.96,6.35,Europe
Malta,Soybeans,0.05,0.02,Europe
Malta,Nuts inc. Peanut Butter,5.619999999999999,9.950000000000001,Europe
Armenia,Pork,9.67,34.230000000000004,Europe
Armenia,Poultry,13.350000000000001,14.34,Europe
Armenia,Beef,19.66,606.6700000000001,Europe
Armenia,Lamb & Goat,3.02,105.76,Europe
Armenia,Fish,4.359999999999999,6.96,Europe
Armenia,Eggs,11.69,10.739999999999998,Europe
Armenia,Milk - inc. cheese,209.03,297.74,Europe
Armenia,Wheat and Wheat Products,130.6,24.91,Europe
Armenia,Rice,3.18,4.07,Europe
Armenia,Soybeans,0,0,Europe
Armenia,Nuts inc. Peanut Butter,2.55,4.51,Europe
Slovenia,Pork,28.19,99.78,Europe
Slovenia,Poultry,23.459999999999997,25.2,Europe
Slovenia,Beef,18.43,568.71,Europe
Slovenia,Lamb & Goat,0.7899999999999999,27.67,Europe
Slovenia,Fish,7.76,12.39,Europe
Slovenia,Eggs,9.360000000000001,8.6,Europe
Slovenia,Milk - inc. cheese,235.01,334.75,Europe
Slovenia,Wheat and Wheat Products,103.43,19.72,Europe
Slovenia,Rice,3.9499999999999997,5.05,Europe
Slovenia,Soybeans,0.75,0.33999999999999997,Europe
Slovenia,Nuts inc. Peanut Butter,5.28,9.350000000000001,Europe
Chile,Pork,24.68,87.35,South America
Chile,Poultry,36.52,39.230000000000004,South America
Chile,Beef,23.86,736.2700000000001,South America
Chile,Lamb & Goat,0.42000000000000004,14.709999999999999,South America
Chile,Fish,7.6499999999999995,12.209999999999999,South America
Chile,Eggs,9.97,9.16,South America
Chile,Milk - inc. cheese,116.11,165.39000000000001,South America
Chile,Wheat and Wheat Products,104.74000000000001,19.97,South America
Chile,Rice,8.850000000000001,11.33,South America
Chile,Soybeans,0.04,0.02,South America
Chile,Nuts inc. Peanut Butter,2.22,3.9299999999999997,South America
Venezuela,Pork,7.23,25.59,South America
Venezuela,Poultry,39.28,42.190000000000005,South America
Venezuela,Beef,25.89,798.91,South America
Venezuela,Lamb & Goat,0.32,11.209999999999999,South America
Venezuela,Fish,8.34,13.32,South America
Venezuela,Eggs,5.63,5.17,South America
Venezuela,Milk - inc. cheese,117.79,167.78,South America
Venezuela,Wheat and Wheat Products,49.17,9.38,South America
Venezuela,Rice,23.39,29.93,South America
Venezuela,Soybeans,0,0,South America
Venezuela,Nuts inc. Peanut Butter,0.35,0.62,South America
Belgium,Pork,38.65,136.8,Europe
Belgium,Poultry,12.2,13.11,Europe
Belgium,Beef,15.629999999999999,482.31,Europe
Belgium,Lamb & Goat,1.32,46.230000000000004,Europe
Belgium,Fish,18.97,30.29,Europe
Belgium,Eggs,12.59,11.57,Europe
Belgium,Milk - inc. cheese,236.19,336.42999999999995,Europe
Belgium,Wheat and Wheat Products,111.91000000000001,21.34,Europe
Belgium,Rice,8.61,11.02,Europe
Belgium,Soybeans,0.07,0.03,Europe
Belgium,Nuts inc. Peanut Butter,7.319999999999999,12.96,Europe
Germany,Pork,51.809999999999995,183.38000000000002,Europe
Germany,Poultry,17.75,19.07,Europe
Germany,Beef,13.16,406.09,Europe
Germany,Lamb & Goat,0.73,25.56,Europe
Germany,Fish,11.16,17.82,Europe
Germany,Eggs,12.2,11.209999999999999,Europe
Germany,Milk - inc. cheese,258.7,368.48999999999995,Europe
Germany,Wheat and Wheat Products,83.41000000000001,15.91,Europe
Germany,Rice,3.34,4.2700000000000005,Europe
Germany,Soybeans,0.88,0.4,Europe
Germany,Nuts inc. Peanut Butter,7.96,14.09,Europe
Russia,Pork,25.66,90.82,N/A
Russia,Poultry,27.5,29.54,N/A
Russia,Beef,16.979999999999997,523.97,N/A
Russia,Lamb & Goat,1.4,49.03,N/A
Russia,Fish,20.82,33.24,N/A
Russia,Eggs,15.43,14.17,N/A
Russia,Milk - inc. cheese,163.57,232.99,N/A
Russia,Wheat and Wheat Products,130.99,24.979999999999997,N/A
Russia,Rice,4.71,6.03,N/A
Russia,Soybeans,0.05,0.02,N/A
Russia,Nuts inc. Peanut Butter,1.62,2.8699999999999997,N/A
Croatia,Pork,42.790000000000006,151.46,Europe
Croatia,Poultry,8.52,9.15,Europe
Croatia,Beef,12.41,382.95,Europe
Croatia,Lamb & Goat,1.71,59.879999999999995,Europe
Croatia,Fish,15.83,25.279999999999998,Europe
Croatia,Eggs,8.48,7.79,Europe
Croatia,Milk - inc. cheese,231.02,329.06,Europe
Croatia,Wheat and Wheat Products,106.59,20.330000000000002,Europe
Croatia,Rice,2.64,3.38,Europe
Croatia,Soybeans,0,0,Europe
Croatia,Nuts inc. Peanut Butter,3.88,6.87,Europe
Belarus,Pork,40.37,142.89000000000001,Europe
Belarus,Poultry,31.29,33.61,Europe
Belarus,Beef,17.110000000000003,527.98,Europe
Belarus,Lamb & Goat,0.11,3.8499999999999996,Europe
Belarus,Fish,15.75,25.150000000000002,Europe
Belarus,Eggs,15.860000000000001,14.57,Europe
Belarus,Milk - inc. cheese,133.73,190.49,Europe
Belarus,Wheat and Wheat Products,60.48,11.53,Europe
Belarus,Rice,3.17,4.06,Europe
Belarus,Soybeans,0.3,0.14,Europe
Belarus,Nuts inc. Peanut Butter,3.36,5.95,Europe
Spain,Pork,48.92,173.15,Europe
Spain,Poultry,28.630000000000003,30.75,Europe
Spain,Beef,12.15,374.91999999999996,Europe
Spain,Lamb & Goat,2.16,75.64,Europe
Spain,Fish,28.830000000000002,46.03,Europe
Spain,Eggs,13.32,12.239999999999998,Europe
Spain,Milk - inc. cheese,164.29,234.01,Europe
Spain,Wheat and Wheat Products,93.88,17.9,Europe
Spain,Rice,8.32,10.65,Europe
Spain,Soybeans,0.02,0.01,Europe
Spain,Nuts inc. Peanut Butter,7.44,13.17,Europe
Paraguay,Pork,26.24,92.88,South America
Paraguay,Poultry,6.39,6.859999999999999,South America
Paraguay,Beef,19.810000000000002,611.2900000000001,South America
Paraguay,Lamb & Goat,0.56,19.610000000000003,South America
Paraguay,Fish,3.6,5.75,South America
Paraguay,Eggs,18.830000000000002,17.3,South America
Paraguay,Milk - inc. cheese,75.72,107.86,South America
Paraguay,Wheat and Wheat Products,31.51,6.01,South America
Paraguay,Rice,4.91,6.28,South America
Paraguay,Soybeans,0,0,South America
Paraguay,Nuts inc. Peanut Butter,1.6,2.8299999999999996,South America
New Caledonia,Pork,19.9,70.44000000000001,N/A
New Caledonia,Poultry,44.36,47.65,N/A
New Caledonia,Beef,16.07,495.89,N/A
New Caledonia,Lamb & Goat,1.95,68.29,N/A
New Caledonia,Fish,19.38,30.939999999999998,N/A
New Caledonia,Eggs,8.850000000000001,8.129999999999999,N/A
New Caledonia,Milk - inc. cheese,108,153.84,N/A
New Caledonia,Wheat and Wheat Products,81.75,15.59,N/A
New Caledonia,Rice,17.47,22.36,N/A
New Caledonia,Soybeans,0.55,0.25,N/A
New Caledonia,Nuts inc. Peanut Butter,2.96,5.24,N/A
South Africa,Pork,4.159999999999999,14.719999999999999,Africa
South Africa,Poultry,37.57,40.36,Africa
South Africa,Beef,18.03,556.37,Africa
South Africa,Lamb & Goat,4.28,149.89000000000001,Africa
South Africa,Fish,5.56,8.88,Africa
South Africa,Eggs,7.21,6.619999999999999,Africa
South Africa,Milk - inc. cheese,55.75,79.41000000000001,Africa
South Africa,Wheat and Wheat Products,60.13,11.47,Africa
South Africa,Rice,17.41,22.279999999999998,Africa
South Africa,Soybeans,1.27,0.5700000000000001,Africa
South Africa,Nuts inc. Peanut Butter,1.04,1.84,Africa
Barbados,Pork,8.3,29.38,North America
Barbados,Poultry,42.620000000000005,45.78,North America
Barbados,Beef,13.129999999999999,405.16,North America
Barbados,Lamb & Goat,4.08,142.88000000000002,North America
Barbados,Fish,37.41,59.730000000000004,North America
Barbados,Eggs,9.61,8.83,North America
Barbados,Milk - inc. cheese,110.48,157.37,North America
Barbados,Wheat and Wheat Products,65.71000000000001,12.53,North America
Barbados,Rice,15.66,20.04,North America
Barbados,Soybeans,0.1,0.05,North America
Barbados,Nuts inc. Peanut Butter,4.159999999999999,7.359999999999999,North America
Lithuania,Pork,45.67,161.65,Europe
Lithuania,Poultry,26.84,28.830000000000002,Europe
Lithuania,Beef,4.49,138.55,Europe
Lithuania,Lamb & Goat,0.24000000000000002,8.4,Europe
Lithuania,Fish,42.39,67.67999999999999,Europe
Lithuania,Eggs,13.11,12.04,Europe
Lithuania,Milk - inc. cheese,295.46,420.85,Europe
Lithuania,Wheat and Wheat Products,121.59,23.19,Europe
Lithuania,Rice,3.07,3.9299999999999997,Europe
Lithuania,Soybeans,0.02,0.01,Europe
Lithuania,Nuts inc. Peanut Butter,2.13,3.77,Europe
Turkey,Pork,0.01,0.04,Asia
Turkey,Poultry,18.779999999999998,20.17,Asia
Turkey,Beef,11.639999999999999,359.19,Asia
Turkey,Lamb & Goat,4.68,163.89000000000001,Asia
Turkey,Fish,5.58,8.91,Asia
Turkey,Eggs,8.2,7.53,Asia
Turkey,Milk - inc. cheese,193.94,276.25,Asia
Turkey,Wheat and Wheat Products,169.96,32.41,Asia
Turkey,Rice,10.739999999999998,13.739999999999998,Asia
Turkey,Soybeans,1.71,0.77,Asia
Turkey,Nuts inc. Peanut Butter,7.970000000000001,14.11,Asia
Estonia,Pork,29.68,105.05,Europe
Estonia,Poultry,21.110000000000003,22.68,Europe
Estonia,Beef,7.1899999999999995,221.87,Europe
Estonia,Lamb & Goat,0.44,15.41,Europe
Estonia,Fish,12.78,20.41,Europe
Estonia,Eggs,12.66,11.629999999999999,Europe
Estonia,Milk - inc. cheese,284.85,405.74,Europe
Estonia,Wheat and Wheat Products,89.36,17.04,Europe
Estonia,Rice,2.56,3.2800000000000002,Europe
Estonia,Soybeans,0.04,0.02,Europe
Estonia,Nuts inc. Peanut Butter,4.29,7.59,Europe
Mexico,Pork,15.229999999999999,53.91,North America
Mexico,Poultry,30.12,32.349999999999994,North America
Mexico,Beef,15.33,473.05,North America
Mexico,Lamb & Goat,0.89,31.17,North America
Mexico,Fish,7.56,12.07,North America
Mexico,Eggs,18.34,16.85,North America
Mexico,Milk - inc. cheese,111.86999999999999,159.35000000000002,North America
Mexico,Wheat and Wheat Products,35.21,6.71,North America
Mexico,Rice,5.64,7.22,North America
Mexico,Soybeans,0.02,0.01,North America
Mexico,Nuts inc. Peanut Butter,2.51,4.44,North America
Costa Rica,Pork,10.28,36.39,North America
Costa Rica,Poultry,24.47,26.29,North America
Costa Rica,Beef,15.229999999999999,469.96999999999997,North America
Costa Rica,Lamb & Goat,0.02,0.7,North America
Costa Rica,Fish,11.32,18.07,North America
Costa Rica,Eggs,10.55,9.69,North America
Costa Rica,Milk - inc. cheese,183.28,261.06,North America
Costa Rica,Wheat and Wheat Products,39.309999999999995,7.5,North America
Costa Rica,Rice,45.690000000000005,58.47,North America
Costa Rica,Soybeans,1.54,0.69,North America
Costa Rica,Nuts inc. Peanut Butter,1.3800000000000001,2.44,North America
Bolivia,Pork,8.89,31.47,South America
Bolivia,Poultry,34.309999999999995,36.86,South America
Bolivia,Beef,19.779999999999998,610.37,South America
Bolivia,Lamb & Goat,1.72,60.230000000000004,South America
Bolivia,Fish,2.18,3.48,South America
Bolivia,Eggs,5.18,4.76,South America
Bolivia,Milk - inc. cheese,46.04,65.58,South America
Bolivia,Wheat and Wheat Products,49.99,9.53,South America
Bolivia,Rice,26.99,34.54,South America
Bolivia,Soybeans,0.01,0,South America
Bolivia,Nuts inc. Peanut Butter,9.16,16.21,South America
Ecuador,Pork,14.44,51.11,South America
Ecuador,Poultry,21.85,23.47,South America
Ecuador,Beef,16.610000000000003,512.55,South America
Ecuador,Lamb & Goat,0.44,15.41,South America
Ecuador,Fish,5.17,8.25,South America
Ecuador,Eggs,8.01,7.359999999999999,South America
Ecuador,Milk - inc. cheese,139.6,198.85000000000002,South America
Ecuador,Wheat and Wheat Products,39.190000000000005,7.470000000000001,South America
Ecuador,Rice,45.07,57.68,South America
Ecuador,Soybeans,0,0,South America
Ecuador,Nuts inc. Peanut Butter,0.98,1.73,South America
Panama,Pork,13.48,47.71,North America
Panama,Poultry,30.810000000000002,33.1,North America
Panama,Beef,20.4,629.5,North America
Panama,Lamb & Goat,0.01,0.35,North America
Panama,Fish,11.05,17.64,North America
Panama,Eggs,4.53,4.159999999999999,North America
Panama,Milk - inc. cheese,70.29,100.11999999999999,North America
Panama,Wheat and Wheat Products,38.96,7.430000000000001,North America
Panama,Rice,66.42,85,North America
Panama,Soybeans,3.53,1.59,North America
Panama,Nuts inc. Peanut Butter,1.05,1.86,North America
Czech Republic,Pork,41.17,145.72,N/A
Czech Republic,Poultry,19.09,20.51,N/A
Czech Republic,Beef,8.15,251.49,N/A
Czech Republic,Lamb & Goat,0.33999999999999997,11.91,N/A
Czech Republic,Fish,8.25,13.17,N/A
Czech Republic,Eggs,11.66,10.709999999999999,N/A
Czech Republic,Milk - inc. cheese,195.2,278.04,N/A
Czech Republic,Wheat and Wheat Products,92.66999999999999,17.67,N/A
Czech Republic,Rice,4.79,6.13,N/A
Czech Republic,Soybeans,0.8200000000000001,0.37,N/A
Czech Republic,Nuts inc. Peanut Butter,2.4699999999999998,4.37,N/A
Romania,Pork,25.310000000000002,89.58,Europe
Romania,Poultry,15.38,16.52,Europe
Romania,Beef,4.78,147.5,Europe
Romania,Lamb & Goat,3.4099999999999997,119.42,Europe
Romania,Fish,6.07,9.69,Europe
Romania,Eggs,12.94,11.89,Europe
Romania,Milk - inc. cheese,238.33,339.47999999999996,Europe
Romania,Wheat and Wheat Products,134.87,25.72,Europe
Romania,Rice,2.59,3.3099999999999996,Europe
Romania,Soybeans,0.01,0,Europe
Romania,Nuts inc. Peanut Butter,1.8,3.19,Europe
Colombia,Pork,6.51,23.04,South America
Colombia,Poultry,27.57,29.62,South America
Colombia,Beef,16.36,504.84000000000003,South America
Colombia,Lamb & Goat,0.21000000000000002,7.35,South America
Colombia,Fish,6.01,9.6,South America
Colombia,Eggs,10.78,9.9,South America
Colombia,Milk - inc. cheese,108.47,154.5,South America
Colombia,Wheat and Wheat Products,29.79,5.68,South America
Colombia,Rice,28.02,35.86,South America
Colombia,Soybeans,0.89,0.4,South America
Colombia,Nuts inc. Peanut Butter,0.42000000000000004,0.74,South America
Maldives,Pork,1.22,4.319999999999999,Asia
Maldives,Poultry,18.47,19.84,Asia
Maldives,Beef,9.44,291.3,Asia
Maldives,Lamb & Goat,0.7,24.51,Asia
Maldives,Fish,179.70999999999998,286.94,Asia
Maldives,Eggs,10.79,9.91,Asia
Maldives,Milk - inc. cheese,111.47,158.78,Asia
Maldives,Wheat and Wheat Products,77.77,14.83,Asia
Maldives,Rice,50.730000000000004,64.92,Asia
Maldives,Soybeans,0.2,0.09,Asia
Maldives,Nuts inc. Peanut Butter,15.83,28.02,Asia
Cyprus,Pork,38.379999999999995,135.85000000000002,Europe
Cyprus,Poultry,24.45,26.259999999999998,Europe
Cyprus,Beef,5.79,178.67,Europe
Cyprus,Lamb & Goat,5.05,176.85000000000002,Europe
Cyprus,Fish,14.860000000000001,23.73,Europe
Cyprus,Eggs,8.98,8.25,Europe
Cyprus,Milk - inc. cheese,113.31,161.4,Europe
Cyprus,Wheat and Wheat Products,83.25,15.88,Europe
Cyprus,Rice,4.94,6.319999999999999,Europe
Cyprus,Soybeans,0.04,0.02,Europe
Cyprus,Nuts inc. Peanut Butter,4.6,8.139999999999999,Europe
Serbia,Pork,32.04,113.41000000000001,Europe
Serbia,Poultry,10.639999999999999,11.43,Europe
Serbia,Beef,7.05,217.55,Europe
Serbia,Lamb & Goat,3.56,124.66999999999999,Europe
Serbia,Fish,5.59,8.93,Europe
Serbia,Eggs,8.89,8.17,Europe
Serbia,Milk - inc. cheese,148.53,211.57,Europe
Serbia,Wheat and Wheat Products,105.88,20.19,Europe
Serbia,Rice,1.22,1.56,Europe
Serbia,Soybeans,0,0,Europe
Serbia,Nuts inc. Peanut Butter,3.3099999999999996,5.859999999999999,Europe
United Arab Emirates,Pork,0,0,Asia
United Arab Emirates,Poultry,41.04,44.09,Asia
United Arab Emirates,Beef,5.64,174.04,Asia
United Arab Emirates,Lamb & Goat,9.08,317.97999999999996,Asia
United Arab Emirates,Fish,20.41,32.59,Asia
United Arab Emirates,Eggs,8.229999999999999,7.56,Asia
United Arab Emirates,Milk - inc. cheese,132.66,188.96,Asia
United Arab Emirates,Wheat and Wheat Products,101.29,19.32,Asia
United Arab Emirates,Rice,56.25,71.98,Asia
United Arab Emirates,Soybeans,0.08,0.04,Asia
United Arab Emirates,Nuts inc. Peanut Butter,23.03,40.760000000000005,Asia
Algeria,Pork,0,0,Africa
Algeria,Poultry,7.42,7.970000000000001,Africa
Algeria,Beef,5.6,172.8,Africa
Algeria,Lamb & Goat,7.6899999999999995,269.3,Africa
Algeria,Fish,3.74,5.970000000000001,Africa
Algeria,Eggs,8.06,7.4,Africa
Algeria,Milk - inc. cheese,141.53,201.6,Africa
Algeria,Wheat and Wheat Products,185.42000000000002,35.36,Africa
Algeria,Rice,2.9699999999999998,3.8,Africa
Algeria,Soybeans,0,0,Africa
Algeria,Nuts inc. Peanut Butter,2.08,3.68,Africa
Ukraine,Pork,20.56,72.77,Europe
Ukraine,Poultry,24.23,26.03,Europe
Ukraine,Beef,8.96,276.48999999999995,Europe
Ukraine,Lamb & Goat,0.41000000000000003,14.360000000000001,Europe
Ukraine,Fish,15.229999999999999,24.32,Europe
Ukraine,Eggs,18.01,16.54,Europe
Ukraine,Milk - inc. cheese,145.03,206.58,Europe
Ukraine,Wheat and Wheat Products,105.14999999999999,20.05,Europe
Ukraine,Rice,3,3.84,Europe
Ukraine,Soybeans,0.02,0.01,Europe
Ukraine,Nuts inc. Peanut Butter,2.68,4.74,Europe
Pakistan,Pork,0,0,Asia
Pakistan,Poultry,5.01,5.38,Asia
Pakistan,Beef,8.82,272.17,Asia
Pakistan,Lamb & Goat,2.46,86.14999999999999,Asia
Pakistan,Fish,1.87,2.9899999999999998,Asia
Pakistan,Eggs,2.9499999999999997,2.71,Asia
Pakistan,Milk - inc. cheese,183.13,260.85,Asia
Pakistan,Wheat and Wheat Products,113.63,21.67,Asia
Pakistan,Rice,12.25,15.68,Asia
Pakistan,Soybeans,0,0,Asia
Pakistan,Nuts inc. Peanut Butter,0.8300000000000001,1.47,Asia
Swaziland,Pork,2.4299999999999997,8.6,Africa
Swaziland,Poultry,6.18,6.64,Africa
Swaziland,Beef,15.1,465.95,Africa
Swaziland,Lamb & Goat,1.94,67.94000000000001,Africa
Swaziland,Fish,1.26,2.01,Africa
Swaziland,Eggs,1.5,1.3800000000000001,Africa
Swaziland,Milk - inc. cheese,56.6,80.61999999999999,Africa
Swaziland,Wheat and Wheat Products,37.15,7.08,Africa
Swaziland,Rice,21.150000000000002,27.07,Africa
Swaziland,Soybeans,0.55,0.25,Africa
Swaziland,Nuts inc. Peanut Butter,6.44,11.4,Africa
Latvia,Pork,34.96,123.74000000000001,Europe
Latvia,Poultry,20.53,22.05,Europe
Latvia,Beef,5.109999999999999,157.68,Europe
Latvia,Lamb & Goat,0.33999999999999997,11.91,Europe
Latvia,Fish,21.3,34.01,Europe
Latvia,Eggs,14.03,12.89,Europe
Latvia,Milk - inc. cheese,174.10999999999999,248,Europe
Latvia,Wheat and Wheat Products,72.13,13.76,Europe
Latvia,Rice,2.21,2.8299999999999996,Europe
Latvia,Soybeans,0.04,0.02,Europe
Latvia,Nuts inc. Peanut Butter,3.7800000000000002,6.6899999999999995,Europe
Bosnia and Herzegovina,Pork,9.38,33.2,Europe
Bosnia and Herzegovina,Poultry,13.17,14.15,Europe
Bosnia and Herzegovina,Beef,9.12,281.41999999999996,Europe
Bosnia and Herzegovina,Lamb & Goat,0.47000000000000003,16.459999999999997,Europe
Bosnia and Herzegovina,Fish,4.06,6.48,Europe
Bosnia and Herzegovina,Eggs,4.49,4.119999999999999,Europe
Bosnia and Herzegovina,Milk - inc. cheese,174.03,247.89000000000001,Europe
Bosnia and Herzegovina,Wheat and Wheat Products,93.56,17.84,Europe
Bosnia and Herzegovina,Rice,1.8800000000000001,2.4099999999999997,Europe
Bosnia and Herzegovina,Soybeans,1.48,0.6699999999999999,Europe
Bosnia and Herzegovina,Nuts inc. Peanut Butter,2,3.54,Europe
Fiji,Pork,4.31,15.26,Oceania
Fiji,Poultry,20.259999999999998,21.759999999999998,Oceania
Fiji,Beef,8.96,276.48999999999995,Oceania
Fiji,Lamb & Goat,5.9,206.62,Oceania
Fiji,Fish,35.01,55.9,Oceania
Fiji,Eggs,6.44,5.92,Oceania
Fiji,Milk - inc. cheese,40.2,57.260000000000005,Oceania
Fiji,Wheat and Wheat Products,84.22,16.06,Oceania
Fiji,Rice,45.620000000000005,58.379999999999995,Oceania
Fiji,Soybeans,0.3,0.14,Oceania
Fiji,Nuts inc. Peanut Butter,1.3,2.3,Oceania
South Korea,Pork,32.760000000000005,115.95,N/A
South Korea,Poultry,16,17.19,N/A
South Korea,Beef,14.53,448.37,N/A
South Korea,Lamb & Goat,0.14,4.9,N/A
South Korea,Fish,33.09,52.83,N/A
South Korea,Eggs,11.239999999999998,10.33,N/A
South Korea,Milk - inc. cheese,29.05,41.379999999999995,N/A
South Korea,Wheat and Wheat Products,50.839999999999996,9.7,N/A
South Korea,Rice,85.17999999999999,109,N/A
South Korea,Soybeans,8.350000000000001,3.7600000000000002,N/A
South Korea,Nuts inc. Peanut Butter,4.88,8.639999999999999,N/A
Poland,Pork,46.190000000000005,163.49,Europe
Poland,Poultry,27.41,29.439999999999998,Europe
Poland,Beef,2.32,71.59,Europe
Poland,Lamb & Goat,0.02,0.7,Europe
Poland,Fish,10.49,16.75,Europe
Poland,Eggs,7.53,6.92,Europe
Poland,Milk - inc. cheese,205.39000000000001,292.56,Europe
Poland,Wheat and Wheat Products,108.83,20.75,Europe
Poland,Rice,0.9500000000000001,1.22,Europe
Poland,Soybeans,0.06,0.03,Europe
Poland,Nuts inc. Peanut Butter,2.23,3.9499999999999997,Europe
Saudi Arabia,Pork,0,0,Asia
Saudi Arabia,Poultry,49.05,52.690000000000005,Asia
Saudi Arabia,Beef,6.45,199.03,Asia
Saudi Arabia,Lamb & Goat,6.54,229.03,Asia
Saudi Arabia,Fish,11.99,19.14,Asia
Saudi Arabia,Eggs,5.37,4.930000000000001,Asia
Saudi Arabia,Milk - inc. cheese,83.64999999999999,119.14999999999999,Asia
Saudi Arabia,Wheat and Wheat Products,89.47,17.06,Asia
Saudi Arabia,Rice,36.02,46.09,Asia
Saudi Arabia,Soybeans,0.05,0.02,Asia
Saudi Arabia,Nuts inc. Peanut Butter,3.23,5.72,Asia
Botswana,Pork,0.74,2.62,Africa
Botswana,Poultry,5.33,5.73,Africa
Botswana,Beef,7.85,242.23,Africa
Botswana,Lamb & Goat,3.7600000000000002,131.67,Africa
Botswana,Fish,3.98,6.35,Africa
Botswana,Eggs,1.95,1.79,Africa
Botswana,Milk - inc. cheese,117.74000000000001,167.70999999999998,Africa
Botswana,Wheat and Wheat Products,38.2,7.28,Africa
Botswana,Rice,7.06,9.03,Africa
Botswana,Soybeans,1.1600000000000001,0.52,Africa
Botswana,Nuts inc. Peanut Butter,1.08,1.91,Africa
Macedonia,Pork,10.350000000000001,36.63,Europe
Macedonia,Poultry,18.77,20.16,Europe
Macedonia,Beef,7.6899999999999995,237.3,Europe
Macedonia,Lamb & Goat,0.9400000000000001,32.92,Europe
Macedonia,Fish,5.470000000000001,8.729999999999999,Europe
Macedonia,Eggs,6.38,5.859999999999999,Europe
Macedonia,Milk - inc. cheese,157.93,224.96,Europe
Macedonia,Wheat and Wheat Products,104.8,19.99,Europe
Macedonia,Rice,2.8099999999999996,3.6,Europe
Macedonia,Soybeans,0.46,0.21000000000000002,Europe
Macedonia,Nuts inc. Peanut Butter,5.87,10.39,Europe
Hungary,Pork,34.93,123.63,Europe
Hungary,Poultry,23.779999999999998,25.54,Europe
Hungary,Beef,4.96,153.06,Europe
Hungary,Lamb & Goat,0.11,3.8499999999999996,Europe
Hungary,Fish,4.930000000000001,7.87,Europe
Hungary,Eggs,12.450000000000001,11.44,Europe
Hungary,Milk - inc. cheese,159.05,226.55,Europe
Hungary,Wheat and Wheat Products,109.98,20.97,Europe
Hungary,Rice,2.15,2.75,Europe
Hungary,Soybeans,0.01,0,Europe
Hungary,Nuts inc. Peanut Butter,0.64,1.1300000000000001,Europe
Trinidad and Tobago,Pork,8.92,31.57,North America
Trinidad and Tobago,Poultry,58.27,62.59,North America
Trinidad and Tobago,Beef,6.13,189.16,North America
Trinidad and Tobago,Lamb & Goat,2.79,97.71000000000001,North America
Trinidad and Tobago,Fish,20.54,32.8,North America
Trinidad and Tobago,Eggs,4.2,3.86,North America
Trinidad and Tobago,Milk - inc. cheese,103.8,147.85000000000002,North America
Trinidad and Tobago,Wheat and Wheat Products,90.16999999999999,17.2,North America
Trinidad and Tobago,Rice,16.38,20.959999999999997,North America
Trinidad and Tobago,Soybeans,0.04,0.02,North America
Trinidad and Tobago,Nuts inc. Peanut Butter,3.7800000000000002,6.6899999999999995,North America
Tunisia,Pork,0,0,Africa
Tunisia,Poultry,18.5,19.87,Africa
Tunisia,Beef,5.53,170.64,Africa
Tunisia,Lamb & Goat,5.34,187.01,Africa
Tunisia,Fish,12.629999999999999,20.17,Africa
Tunisia,Eggs,7.67,7.05,Africa
Tunisia,Milk - inc. cheese,114.47,163.05,Africa
Tunisia,Wheat and Wheat Products,197.5,37.660000000000004,Africa
Tunisia,Rice,1.07,1.37,Africa
Tunisia,Soybeans,1.8800000000000001,0.8500000000000001,Africa
Tunisia,Nuts inc. Peanut Butter,6.34,11.219999999999999,Africa
Egypt,Pork,0.02,0.07,Africa
Egypt,Poultry,14.43,15.5,Africa
Egypt,Beef,12.88,397.45,Africa
Egypt,Lamb & Goat,1.58,55.33,Africa
Egypt,Fish,21.459999999999997,34.260000000000005,Africa
Egypt,Eggs,4.59,4.22,Africa
Egypt,Milk - inc. cheese,59.46,84.69,Africa
Egypt,Wheat and Wheat Products,146.83,28,Africa
Egypt,Rice,39.77,50.89,Africa
Egypt,Soybeans,0.64,0.29000000000000004,Africa
Egypt,Nuts inc. Peanut Butter,1.82,3.22,Africa
Mauritius,Pork,4.08,14.44,Africa
Mauritius,Poultry,38.51,41.37,Africa
Mauritius,Beef,5.99,184.84,Africa
Mauritius,Lamb & Goat,4.08,142.88000000000002,Africa
Mauritius,Fish,19.66,31.39,Africa
Mauritius,Eggs,6.319999999999999,5.81,Africa
Mauritius,Milk - inc. cheese,117.27,167.04,Africa
Mauritius,Wheat and Wheat Products,114.02,21.74,Africa
Mauritius,Rice,45.56,58.3,Africa
Mauritius,Soybeans,0.3,0.14,Africa
Mauritius,Nuts inc. Peanut Butter,2.3299999999999996,4.119999999999999,Africa
Bulgaria,Pork,26.259999999999998,92.95,Europe
Bulgaria,Poultry,20.68,22.21,Europe
Bulgaria,Beef,3.84,118.49000000000001,Europe
Bulgaria,Lamb & Goat,1.6300000000000001,57.08,Europe
Bulgaria,Fish,6.24,9.96,Europe
Bulgaria,Eggs,8.360000000000001,7.68,Europe
Bulgaria,Milk - inc. cheese,155.70999999999998,221.79,Europe
Bulgaria,Wheat and Wheat Products,121.16999999999999,23.110000000000003,Europe
Bulgaria,Rice,2.24,2.8699999999999997,Europe
Bulgaria,Soybeans,0.04,0.02,Europe
Bulgaria,Nuts inc. Peanut Butter,2.2600000000000002,4,Europe
Morocco,Pork,0.01,0.04,Africa
Morocco,Poultry,20.77,22.310000000000002,Africa
Morocco,Beef,8.04,248.1,Africa
Morocco,Lamb & Goat,4.359999999999999,152.69,Africa
Morocco,Fish,17.439999999999998,27.85,Africa
Morocco,Eggs,6.68,6.14,Africa
Morocco,Milk - inc. cheese,54.68,77.89,Africa
Morocco,Wheat and Wheat Products,179.7,34.27,Africa
Morocco,Rice,1.1,1.41,Africa
Morocco,Soybeans,0,0,Africa
Morocco,Nuts inc. Peanut Butter,3.23,5.72,Africa
Slovakia,Pork,31.779999999999998,112.49000000000001,Europe
Slovakia,Poultry,15.129999999999999,16.25,Europe
Slovakia,Beef,5.1899999999999995,160.15,Europe
Slovakia,Lamb & Goat,0.16,5.6,Europe
Slovakia,Fish,8.39,13.4,Europe
Slovakia,Eggs,16.05,14.739999999999998,Europe
Slovakia,Milk - inc. cheese,143.14,203.89000000000001,Europe
Slovakia,Wheat and Wheat Products,123.61999999999999,23.57,Europe
Slovakia,Rice,2.88,3.69,Europe
Slovakia,Soybeans,0.02,0.01,Europe
Slovakia,Nuts inc. Peanut Butter,3.7,6.55,Europe
Niger,Pork,0.09,0.32,Africa
Niger,Poultry,1.08,1.1600000000000001,Africa
Niger,Beef,8.97,276.8,Africa
Niger,Lamb & Goat,4.17,146.03,Africa
Niger,Fish,2.7,4.31,Africa
Niger,Eggs,0.3,0.28,Africa
Niger,Milk - inc. cheese,58.92,83.93,Africa
Niger,Wheat and Wheat Products,4.79,0.91,Africa
Niger,Rice,13.17,16.85,Africa
Niger,Soybeans,0,0,Africa
Niger,Nuts inc. Peanut Butter,6.95,12.3,Africa
Kenya,Pork,0.29000000000000004,1.03,Africa
Kenya,Poultry,0.47000000000000003,0.5,Africa
Kenya,Beef,9.54,294.38,Africa
Kenya,Lamb & Goat,1.86,65.14,Africa
Kenya,Fish,4.2700000000000005,6.819999999999999,Africa
Kenya,Eggs,1.84,1.6900000000000002,Africa
Kenya,Milk - inc. cheese,94.86,135.12,Africa
Kenya,Wheat and Wheat Products,34.65,6.609999999999999,Africa
Kenya,Rice,12.94,16.56,Africa
Kenya,Soybeans,0.2,0.09,Africa
Kenya,Nuts inc. Peanut Butter,1.6400000000000001,2.9,Africa
Jordan,Pork,0.02,0.07,Asia
Jordan,Poultry,33.39,35.87,Asia
Jordan,Beef,5.609999999999999,173.10999999999999,Asia
Jordan,Lamb & Goat,5.68,198.91,Asia
Jordan,Fish,5.13,8.19,Asia
Jordan,Eggs,3.92,3.6,Asia
Jordan,Milk - inc. cheese,77.67999999999999,110.64999999999999,Asia
Jordan,Wheat and Wheat Products,136.73999999999998,26.08,Asia
Jordan,Rice,19.67,25.17,Asia
Jordan,Soybeans,0.02,0.01,Asia
Jordan,Nuts inc. Peanut Butter,3.56,6.3,Asia
Japan,Pork,20.62,72.98,Asia
Japan,Poultry,19.419999999999998,20.86,Asia
Japan,Beef,9.15,282.35,Asia
Japan,Lamb & Goat,0.14,4.9,Asia
Japan,Fish,31.1,49.660000000000004,Asia
Japan,Eggs,19.150000000000002,17.59,Asia
Japan,Milk - inc. cheese,72.06,102.64,Asia
Japan,Wheat and Wheat Products,45.04,8.59,Asia
Japan,Rice,59.849999999999994,76.59,Asia
Japan,Soybeans,7.34,3.3,Asia
Japan,Nuts inc. Peanut Butter,2.59,4.58,Asia
Georgia,Pork,8.93,31.610000000000003,Europe
Georgia,Poultry,12.28,13.19,Europe
Georgia,Beef,6.04,186.38000000000002,Europe
Georgia,Lamb & Goat,0.63,22.06,Europe
Georgia,Fish,10.42,16.64,Europe
Georgia,Eggs,6.119999999999999,5.619999999999999,Europe
Georgia,Milk - inc. cheese,149.26,212.60999999999999,Europe
Georgia,Wheat and Wheat Products,163.43,31.17,Europe
Georgia,Rice,2.64,3.38,Europe
Georgia,Soybeans,0,0,Europe
Georgia,Nuts inc. Peanut Butter,2.4699999999999998,4.37,Europe
Grenada,Pork,11.52,40.78,North America
Grenada,Poultry,43.51,46.74,North America
Grenada,Beef,3.46,106.77,North America
Grenada,Lamb & Goat,1.25,43.77,North America
Grenada,Fish,27.95,44.63,North America
Grenada,Eggs,10.34,9.5,North America
Grenada,Milk - inc. cheese,86.88,123.75,North America
Grenada,Wheat and Wheat Products,59.59,11.360000000000001,North America
Grenada,Rice,9.56,12.229999999999999,North America
Grenada,Soybeans,0.01,0,North America
Grenada,Nuts inc. Peanut Butter,0.18,0.32,North America
El Salvador,Pork,3.23,11.43,North America
El Salvador,Poultry,19.84,21.310000000000002,North America
El Salvador,Beef,5.95,183.6,North America
El Salvador,Lamb & Goat,0.02,0.7,North America
El Salvador,Fish,6.25,9.98,North America
El Salvador,Eggs,9.51,8.739999999999998,North America
El Salvador,Milk - inc. cheese,124.34,177.10999999999999,North America
El Salvador,Wheat and Wheat Products,28.19,5.38,North America
El Salvador,Rice,10.53,13.48,North America
El Salvador,Soybeans,0.8,0.36,North America
El Salvador,Nuts inc. Peanut Butter,1.1,1.95,North America
Cuba,Pork,19.82,70.14999999999999,North America
Cuba,Poultry,20.150000000000002,21.650000000000002,North America
Cuba,Beef,6.39,197.18,North America
Cuba,Lamb & Goat,1.24,43.42,North America
Cuba,Fish,4.76,7.6,North America
Cuba,Eggs,9.82,9.02,North America
Cuba,Milk - inc. cheese,99.94000000000001,142.35000000000002,North America
Cuba,Wheat and Wheat Products,54.620000000000005,10.42,North America
Cuba,Rice,67.7,86.64,North America
Cuba,Soybeans,6.34,2.8499999999999996,North America
Cuba,Nuts inc. Peanut Butter,0.23,0.41000000000000003,North America
China,Pork,38.43,136.02,Asia
China,Poultry,13.2,14.18,Asia
China,Beef,5.119999999999999,157.99,Asia
China,Lamb & Goat,3.13,109.61,Asia
China,Fish,21.01,33.55,Asia
China,Eggs,18.759999999999998,17.23,Asia
China,Milk - inc. cheese,32.660000000000004,46.52,Asia
China,Wheat and Wheat Products,63.36,12.08,Asia
China,Rice,78.17999999999999,100.05,Asia
China,Soybeans,3.66,1.6500000000000001,Asia
China,Nuts inc. Peanut Butter,6.39,11.31,Asia
Honduras,Pork,6.48,22.939999999999998,North America
Honduras,Poultry,20.29,21.8,North America
Honduras,Beef,7.1899999999999995,221.87,North America
Honduras,Lamb & Goat,0.04,1.4,North America
Honduras,Fish,2.7,4.31,North America
Honduras,Eggs,5.1899999999999995,4.7700000000000005,North America
Honduras,Milk - inc. cheese,91.33,130.09,North America
Honduras,Wheat and Wheat Products,37.36,7.119999999999999,North America
Honduras,Rice,14.42,18.45,North America
Honduras,Soybeans,0.01,0,North America
Honduras,Nuts inc. Peanut Butter,0.75,1.33,North America
Taiwan. ROC,Pork,39.37,139.35000000000002,N/A
Taiwan. ROC,Poultry,32.13,34.51,N/A
Taiwan. ROC,Beef,5.21,160.76999999999998,N/A
Taiwan. ROC,Lamb & Goat,0.92,32.220000000000006,N/A
Taiwan. ROC,Fish,18.29,29.2,N/A
Taiwan. ROC,Eggs,13.08,12.02,N/A
Taiwan. ROC,Milk - inc. cheese,41.720000000000006,59.43,N/A
Taiwan. ROC,Wheat and Wheat Products,50.92,9.709999999999999,N/A
Taiwan. ROC,Rice,45.849999999999994,58.67,N/A
Taiwan. ROC,Soybeans,16.95,7.63,N/A
Taiwan. ROC,Nuts inc. Peanut Butter,9.06,16.04,N/A
Angola,Pork,8.89,31.47,Africa
Angola,Poultry,17.330000000000002,18.62,Africa
Angola,Beef,8.42,259.82,Africa
Angola,Lamb & Goat,1.08,37.82,Africa
Angola,Fish,15.239999999999998,24.330000000000002,Africa
Angola,Eggs,1.11,1.02,Africa
Angola,Milk - inc. cheese,12.3,17.52,Africa
Angola,Wheat and Wheat Products,40.720000000000006,7.7700000000000005,Africa
Angola,Rice,8.12,10.39,Africa
Angola,Soybeans,0.52,0.23,Africa
Angola,Nuts inc. Peanut Butter,2.2600000000000002,4,Africa
Jamaica,Pork,3.9899999999999998,14.12,North America
Jamaica,Poultry,52.51,56.41,North America
Jamaica,Beef,3.9699999999999998,122.51,North America
Jamaica,Lamb & Goat,1.26,44.13,North America
Jamaica,Fish,21.95,35.05,North America
Jamaica,Eggs,2.27,2.09,North America
Jamaica,Milk - inc. cheese,91.13,129.81,North America
Jamaica,Wheat and Wheat Products,70.66999999999999,13.48,North America
Jamaica,Rice,23.45,30.01,North America
Jamaica,Soybeans,0,0,North America
Jamaica,Nuts inc. Peanut Butter,1.82,3.22,North America
Namibia,Pork,4.21,14.9,Africa
Namibia,Poultry,12.19,13.09,Africa
Namibia,Beef,3.75,115.72,Africa
Namibia,Lamb & Goat,2.27,79.5,Africa
Namibia,Fish,10.7,17.08,Africa
Namibia,Eggs,1.6300000000000001,1.5,Africa
Namibia,Milk - inc. cheese,73.05,104.05,Africa
Namibia,Wheat and Wheat Products,36.260000000000005,6.91,Africa
Namibia,Rice,6.31,8.07,Africa
Namibia,Soybeans,0.07,0.03,Africa
Namibia,Nuts inc. Peanut Butter,0.71,1.26,Africa
Belize,Pork,16.8,59.46,North America
Belize,Poultry,28.310000000000002,30.41,North America
Belize,Beef,4.859999999999999,149.97,North America
Belize,Lamb & Goat,0.14,4.9,North America
Belize,Fish,7.57,12.09,North America
Belize,Eggs,4.85,4.46,North America
Belize,Milk - inc. cheese,80.3,114.38,North America
Belize,Wheat and Wheat Products,54.06,10.31,North America
Belize,Rice,28.419999999999998,36.37,North America
Belize,Soybeans,1.8800000000000001,0.8500000000000001,North America
Belize,Nuts inc. Peanut Butter,5.58,9.88,North America
Malaysia,Pork,7.76,27.47,Asia
Malaysia,Poultry,41.01,44.05,Asia
Malaysia,Beef,6.52,201.19,Asia
Malaysia,Lamb & Goat,0.9400000000000001,32.92,Asia
Malaysia,Fish,49.43,78.92,Asia
Malaysia,Eggs,16.57,15.219999999999999,Asia
Malaysia,Milk - inc. cheese,25.279999999999998,36.01,Asia
Malaysia,Wheat and Wheat Products,51.04,9.729999999999999,Asia
Malaysia,Rice,81.25,103.98,Asia
Malaysia,Soybeans,0.04,0.02,Asia
Malaysia,Nuts inc. Peanut Butter,2.9,5.13,Asia
Zimbabwe,Pork,2.65,9.38,Africa
Zimbabwe,Poultry,4.970000000000001,5.34,Africa
Zimbabwe,Beef,7.37,227.42000000000002,Africa
Zimbabwe,Lamb & Goat,0.96,33.620000000000005,Africa
Zimbabwe,Fish,2.8,4.470000000000001,Africa
Zimbabwe,Eggs,1.75,1.61,Africa
Zimbabwe,Milk - inc. cheese,31.9,45.44,Africa
Zimbabwe,Wheat and Wheat Products,31.310000000000002,5.970000000000001,Africa
Zimbabwe,Rice,10.09,12.91,Africa
Zimbabwe,Soybeans,0.54,0.24000000000000002,Africa
Zimbabwe,Nuts inc. Peanut Butter,2.22,3.9299999999999997,Africa
Guatemala,Pork,4.85,17.17,North America
Guatemala,Poultry,16.45,17.67,North America
Guatemala,Beef,5.6,172.8,North America
Guatemala,Lamb & Goat,0.23,8.05,North America
Guatemala,Fish,1.08,1.72,North America
Guatemala,Eggs,14.61,13.42,North America
Guatemala,Milk - inc. cheese,46.6,66.38,North America
Guatemala,Wheat and Wheat Products,35.9,6.85,North America
Guatemala,Rice,5.659999999999999,7.24,North America
Guatemala,Soybeans,0.32,0.14,North America
Guatemala,Nuts inc. Peanut Butter,2,3.54,North America
Uganda,Pork,3.3699999999999997,11.93,Africa
Uganda,Poultry,1.51,1.62,Africa
Uganda,Beef,5.1499999999999995,158.92000000000002,Africa
Uganda,Lamb & Goat,1.25,43.77,Africa
Uganda,Fish,12.5,19.959999999999997,Africa
Uganda,Eggs,0.97,0.89,Africa
Uganda,Milk - inc. cheese,37.27,53.09,Africa
Uganda,Wheat and Wheat Products,10.139999999999999,1.93,Africa
Uganda,Rice,4.64,5.94,Africa
Uganda,Soybeans,0.01,0,Africa
Uganda,Nuts inc. Peanut Butter,3.77,6.67,Africa
Nepal,Pork,0.6699999999999999,2.3699999999999997,Asia
Nepal,Poultry,1.56,1.6800000000000002,Asia
Nepal,Beef,7.89,243.47,Asia
Nepal,Lamb & Goat,2.1,73.54,Asia
Nepal,Fish,2.17,3.46,Asia
Nepal,Eggs,1.42,1.3,Asia
Nepal,Milk - inc. cheese,52.1,74.21000000000001,Asia
Nepal,Wheat and Wheat Products,50.46,9.62,Asia
Nepal,Rice,87.75,112.29,Asia
Nepal,Soybeans,0.01,0,Asia
Nepal,Nuts inc. Peanut Butter,2.42,4.28,Asia
Iran,Pork,0,0,Asia
Iran,Poultry,25.38,27.259999999999998,Asia
Iran,Beef,3.58,110.47,Asia
Iran,Lamb & Goat,3.69,129.22,Asia
Iran,Fish,9.8,15.65,Asia
Iran,Eggs,7.7,7.07,Asia
Iran,Milk - inc. cheese,46.690000000000005,66.51,Asia
Iran,Wheat and Wheat Products,153.31,29.24,Asia
Iran,Rice,29.95,38.33,Asia
Iran,Soybeans,0,0,Asia
Iran,Nuts inc. Peanut Butter,12.16,21.52,Asia
Tanzania,Pork,0.32,1.1300000000000001,Africa
Tanzania,Poultry,1.84,1.98,Africa
Tanzania,Beef,6.09,187.92000000000002,Africa
Tanzania,Lamb & Goat,1.28,44.83,Africa
Tanzania,Fish,5.5,8.78,Africa
Tanzania,Eggs,0.58,0.53,Africa
Tanzania,Milk - inc. cheese,40.290000000000006,57.39,Africa
Tanzania,Wheat and Wheat Products,15.94,3.04,Africa
Tanzania,Rice,21.01,26.89,Africa
Tanzania,Soybeans,0.04,0.02,Africa
Tanzania,Nuts inc. Peanut Butter,5.94,10.51,Africa
Senegal,Pork,0.9400000000000001,3.3299999999999996,Africa
Senegal,Poultry,4.619999999999999,4.96,Africa
Senegal,Beef,5.85,180.52,Africa
Senegal,Lamb & Goat,3.19,111.71000000000001,Africa
Senegal,Fish,22.939999999999998,36.63,Africa
Senegal,Eggs,1.6300000000000001,1.5,Africa
Senegal,Milk - inc. cheese,16.86,24.02,Africa
Senegal,Wheat and Wheat Products,37.32,7.119999999999999,Africa
Senegal,Rice,72.29,92.51,Africa
Senegal,Soybeans,0,0,Africa
Senegal,Nuts inc. Peanut Butter,4.03,7.13,Africa
Peru,Pork,3.8499999999999996,13.629999999999999,South America
Peru,Poultry,11.719999999999999,12.59,South America
Peru,Beef,4.6899999999999995,144.72,South America
Peru,Lamb & Goat,1,35.02,South America
Peru,Fish,15.739999999999998,25.130000000000003,South America
Peru,Eggs,8.76,8.05,South America
Peru,Milk - inc. cheese,62.15,88.53,South America
Peru,Wheat and Wheat Products,56.120000000000005,10.7,South America
Peru,Rice,48.92,62.6,South America
Peru,Soybeans,1.59,0.72,South America
Peru,Nuts inc. Peanut Butter,0.65,1.1500000000000001,South America
Nicaragua,Pork,3.38,11.96,North America
Nicaragua,Poultry,21.310000000000002,22.89,North America
Nicaragua,Beef,4.73,145.96,North America
Nicaragua,Lamb & Goat,0.01,0.35,North America
Nicaragua,Fish,3.59,5.73,North America
Nicaragua,Eggs,4.9,4.5,North America
Nicaragua,Milk - inc. cheese,85.16,121.3,North America
Nicaragua,Wheat and Wheat Products,28.17,5.37,North America
Nicaragua,Rice,43.33,55.449999999999996,North America
Nicaragua,Soybeans,0.01,0,North America
Nicaragua,Nuts inc. Peanut Butter,2.36,4.18,North America
Vietnam,Pork,35,123.88,Asia
Vietnam,Poultry,12.360000000000001,13.28,Asia
Vietnam,Beef,7.44,229.58,Asia
Vietnam,Lamb & Goat,0.14,4.9,Asia
Vietnam,Fish,26.52,42.339999999999996,Asia
Vietnam,Eggs,3.84,3.53,Asia
Vietnam,Milk - inc. cheese,16.36,23.3,Asia
Vietnam,Wheat and Wheat Products,10.49,2,Asia
Vietnam,Rice,144.56,184.99,Asia
Vietnam,Soybeans,5.75,2.59,Asia
Vietnam,Nuts inc. Peanut Butter,6.28,11.12,Asia
Ethiopia,Pork,0.02,0.07,Africa
Ethiopia,Poultry,0.6599999999999999,0.71,Africa
Ethiopia,Beef,3.61,111.4,Africa
Ethiopia,Lamb & Goat,1.57,54.98,Africa
Ethiopia,Fish,0.24000000000000002,0.38,Africa
Ethiopia,Eggs,0.36,0.32999999999999996,Africa
Ethiopia,Milk - inc. cheese,44.14,62.87,Africa
Ethiopia,Wheat and Wheat Products,31.259999999999998,5.96,Africa
Ethiopia,Rice,2.25,2.88,Africa
Ethiopia,Soybeans,0.45,0.2,Africa
Ethiopia,Nuts inc. Peanut Butter,1.21,2.14,Africa
Myanmar,Pork,11.31,40.03,N/A
Myanmar,Poultry,21.87,23.49,N/A
Myanmar,Beef,4.94,152.44,N/A
Myanmar,Lamb & Goat,0.89,31.17,N/A
Myanmar,Fish,54.260000000000005,86.64,N/A
Myanmar,Eggs,6.45,5.92,N/A
Myanmar,Milk - inc. cheese,31.479999999999997,44.839999999999996,N/A
Myanmar,Wheat and Wheat Products,6.22,1.1900000000000002,N/A
Myanmar,Rice,132.8,169.94,N/A
Myanmar,Soybeans,0.38,0.17,N/A
Myanmar,Nuts inc. Peanut Butter,4.5,7.970000000000001,N/A
Congo,Pork,2.3899999999999997,8.46,Africa
Congo,Poultry,13.02,13.99,Africa
Congo,Beef,4.35,134.23,Africa
Congo,Lamb & Goat,0.4,14.01,Africa
Congo,Fish,26.22,41.86,Africa
Congo,Eggs,0.6,0.55,Africa
Congo,Milk - inc. cheese,10.69,15.229999999999999,Africa
Congo,Wheat and Wheat Products,40.07,7.64,Africa
Congo,Rice,16.51,21.130000000000003,Africa
Congo,Soybeans,0,0,Africa
Congo,Nuts inc. Peanut Butter,3.08,5.45,Africa
Zambia,Pork,1.6600000000000001,5.88,Africa
Zambia,Poultry,3.29,3.53,Africa
Zambia,Beef,4.76,146.88000000000002,Africa
Zambia,Lamb & Goat,0.6799999999999999,23.810000000000002,Africa
Zambia,Fish,6.2,9.9,Africa
Zambia,Eggs,3.32,3.05,Africa
Zambia,Milk - inc. cheese,9.709999999999999,13.83,Africa
Zambia,Wheat and Wheat Products,12.1,2.3099999999999996,Africa
Zambia,Rice,3.05,3.9,Africa
Zambia,Soybeans,7.3,3.29,Africa
Zambia,Nuts inc. Peanut Butter,5.04,8.92,Africa
Cameroon,Pork,1.47,5.2,Africa
Cameroon,Poultry,3.29,3.53,Africa
Cameroon,Beef,4.17,128.68,Africa
Cameroon,Lamb & Goat,1.4,49.03,Africa
Cameroon,Fish,14.709999999999999,23.49,Africa
Cameroon,Eggs,0.4,0.37,Africa
Cameroon,Milk - inc. cheese,15.27,21.75,Africa
Cameroon,Wheat and Wheat Products,22.6,4.31,Africa
Cameroon,Rice,23.85,30.52,Africa
Cameroon,Soybeans,0.64,0.29000000000000004,Africa
Cameroon,Nuts inc. Peanut Butter,9.29,16.439999999999998,Africa
Madagascar,Pork,2.56,9.06,Africa
Madagascar,Poultry,3.14,3.3699999999999997,Africa
Madagascar,Beef,7.51,231.73999999999998,Africa
Madagascar,Lamb & Goat,0.5700000000000001,19.959999999999997,Africa
Madagascar,Fish,4.41,7.04,Africa
Madagascar,Eggs,0.71,0.65,Africa
Madagascar,Milk - inc. cheese,24.84,35.379999999999995,Africa
Madagascar,Wheat and Wheat Products,9.01,1.72,Africa
Madagascar,Rice,102.53,131.20999999999998,Africa
Madagascar,Soybeans,0,0,Africa
Madagascar,Nuts inc. Peanut Butter,0.35,0.62,Africa
Malawi,Pork,5.45,19.29,Africa
Malawi,Poultry,1.3800000000000001,1.48,Africa
Malawi,Beef,2.3499999999999996,72.52,Africa
Malawi,Lamb & Goat,2.07,72.49000000000001,Africa
Malawi,Fish,7.33,11.7,Africa
Malawi,Eggs,1.08,0.99,Africa
Malawi,Milk - inc. cheese,7.98,11.370000000000001,Africa
Malawi,Wheat and Wheat Products,11.77,2.24,Africa
Malawi,Rice,4.75,6.08,Africa
Malawi,Soybeans,1.76,0.7899999999999999,Africa
Malawi,Nuts inc. Peanut Butter,5.08,8.99,Africa
Guinea,Pork,0.16,0.5700000000000001,Africa
Guinea,Poultry,1.83,1.97,Africa
Guinea,Beef,6.26,193.17,Africa
Guinea,Lamb & Goat,1.6,56.03,Africa
Guinea,Fish,9.18,14.66,Africa
Guinea,Eggs,1.95,1.79,Africa
Guinea,Milk - inc. cheese,20.62,29.37,Africa
Guinea,Wheat and Wheat Products,18.55,3.54,Africa
Guinea,Rice,97.11999999999999,124.28,Africa
Guinea,Soybeans,0,0,Africa
Guinea,Nuts inc. Peanut Butter,4.14,7.33,Africa
Nigeria,Pork,1.47,5.2,Africa
Nigeria,Poultry,1.73,1.86,Africa
Nigeria,Beef,2.3299999999999996,71.9,Africa
Nigeria,Lamb & Goat,2.72,95.25,Africa
Nigeria,Fish,16.03,25.59,Africa
Nigeria,Eggs,3.46,3.18,Africa
Nigeria,Milk - inc. cheese,7.91,11.27,Africa
Nigeria,Wheat and Wheat Products,20.82,3.9699999999999998,Africa
Nigeria,Rice,28.23,36.13,Africa
Nigeria,Soybeans,2.6,1.1700000000000002,Africa
Nigeria,Nuts inc. Peanut Butter,6.930000000000001,12.27,Africa
Rwanda,Pork,0.76,2.69,Africa
Rwanda,Poultry,1.34,1.44,Africa
Rwanda,Beef,2.53,78.07,Africa
Rwanda,Lamb & Goat,1.93,67.59,Africa
Rwanda,Fish,3.88,6.2,Africa
Rwanda,Eggs,0.16,0.15000000000000002,Africa
Rwanda,Milk - inc. cheese,7.23,10.3,Africa
Rwanda,Wheat and Wheat Products,11.34,2.16,Africa
Rwanda,Rice,8.7,11.129999999999999,Africa
Rwanda,Soybeans,1.93,0.8700000000000001,Africa
Rwanda,Nuts inc. Peanut Butter,0.58,1.03,Africa
Philippines,Pork,18.4,65.13,Asia
Philippines,Poultry,11.91,12.79,Asia
Philippines,Beef,4.06,125.28,Asia
Philippines,Lamb & Goat,0.56,19.610000000000003,Asia
Philippines,Fish,28.51,45.52,Asia
Philippines,Eggs,4.02,3.69,Asia
Philippines,Milk - inc. cheese,15.66,22.310000000000002,Asia
Philippines,Wheat and Wheat Products,23.12,4.41,Asia
Philippines,Rice,119.44000000000001,152.85000000000002,Asia
Philippines,Soybeans,0.03,0.01,Asia
Philippines,Nuts inc. Peanut Butter,2.08,3.68,Asia
Ghana,Pork,1.36,4.81,Africa
Ghana,Poultry,8.629999999999999,9.27,Africa
Ghana,Beef,1.09,33.64,Africa
Ghana,Lamb & Goat,1.74,60.93,Africa
Ghana,Fish,26.05,41.59,Africa
Ghana,Eggs,1.21,1.11,Africa
Ghana,Milk - inc. cheese,9.08,12.93,Africa
Ghana,Wheat and Wheat Products,14.450000000000001,2.7600000000000002,Africa
Ghana,Rice,32.03,40.99,Africa
Ghana,Soybeans,0.01,0,Africa
Ghana,Nuts inc. Peanut Butter,5.56,9.84,Africa
Togo,Pork,1.57,5.56,Africa
Togo,Poultry,6.63,7.119999999999999,Africa
Togo,Beef,1.53,47.21,Africa
Togo,Lamb & Goat,1.58,55.33,Africa
Togo,Fish,11.69,18.67,Africa
Togo,Eggs,0.8600000000000001,0.7899999999999999,Africa
Togo,Milk - inc. cheese,7.96,11.34,Africa
Togo,Wheat and Wheat Products,12.91,2.46,Africa
Togo,Rice,25.99,33.260000000000005,Africa
Togo,Soybeans,0.01,0,Africa
Togo,Nuts inc. Peanut Butter,3.59,6.35,Africa
Gambia,Pork,0.18,0.64,Africa
Gambia,Poultry,2.66,2.86,Africa
Gambia,Beef,2.16,66.64999999999999,Africa
Gambia,Lamb & Goat,0.71,24.86,Africa
Gambia,Fish,23.130000000000003,36.93,Africa
Gambia,Eggs,0.99,0.91,Africa
Gambia,Milk - inc. cheese,45.71,65.11,Africa
Gambia,Wheat and Wheat Products,37.91,7.23,Africa
Gambia,Rice,61.839999999999996,79.14,Africa
Gambia,Soybeans,0,0,Africa
Gambia,Nuts inc. Peanut Butter,5.2700000000000005,9.33,Africa
India,Pork,0.28,0.99,Asia
India,Poultry,1.8800000000000001,2.02,Asia
India,Beef,0.81,24.99,Asia
India,Lamb & Goat,0.58,20.310000000000002,Asia
India,Fish,4.71,7.52,Asia
India,Eggs,2.58,2.3699999999999997,Asia
India,Milk - inc. cheese,84.5,120.36,Asia
India,Wheat and Wheat Products,60.56,11.55,Asia
India,Rice,69.49000000000001,88.93,Asia
India,Soybeans,0.39,0.18,Asia
India,Nuts inc. Peanut Butter,1.92,3.4,Asia
Thailand,Pork,13,46.01,Asia
Thailand,Poultry,13.69,14.709999999999999,Asia
Thailand,Beef,2.56,79,Asia
Thailand,Lamb & Goat,0.05,1.75,Asia
Thailand,Fish,19.45,31.06,Asia
Thailand,Eggs,12.350000000000001,11.34,Asia
Thailand,Milk - inc. cheese,29.35,41.809999999999995,Asia
Thailand,Wheat and Wheat Products,10.93,2.08,Asia
Thailand,Rice,114.57,146.62,Asia
Thailand,Soybeans,2.13,0.96,Asia
Thailand,Nuts inc. Peanut Butter,1.5,2.66,Asia
Mozambique,Pork,5.13,18.16,Africa
Mozambique,Poultry,1.41,1.51,Africa
Mozambique,Beef,1.04,32.09,Africa
Mozambique,Lamb & Goat,0.9,31.52,Africa
Mozambique,Fish,7.74,12.360000000000001,Africa
Mozambique,Eggs,1.7,1.56,Africa
Mozambique,Milk - inc. cheese,4.79,6.819999999999999,Africa
Mozambique,Wheat and Wheat Products,14.65,2.79,Africa
Mozambique,Rice,23.41,29.959999999999997,Africa
Mozambique,Soybeans,0.03,0.01,Africa
Mozambique,Nuts inc. Peanut Butter,2.61,4.619999999999999,Africa
Cambodia,Pork,6.52,23.08,Asia
Cambodia,Poultry,1.84,1.98,Asia
Cambodia,Beef,4.85,149.66,Asia
Cambodia,Lamb & Goat,0,0,Asia
Cambodia,Fish,39.59,63.21,Asia
Cambodia,Eggs,1.37,1.26,Asia
Cambodia,Milk - inc. cheese,3.4699999999999998,4.94,Asia
Cambodia,Wheat and Wheat Products,2.74,0.52,Asia
Cambodia,Rice,159.1,203.6,Asia
Cambodia,Soybeans,4.33,1.95,Asia
Cambodia,Nuts inc. Peanut Butter,1.25,2.21,Asia
Sierra Leone,Pork,1.22,4.319999999999999,Africa
Sierra Leone,Poultry,4.970000000000001,5.34,Africa
Sierra Leone,Beef,1.99,61.41,Africa
Sierra Leone,Lamb & Goat,0.65,22.759999999999998,Africa
Sierra Leone,Fish,32.03,51.14,Africa
Sierra Leone,Eggs,1.92,1.76,Africa
Sierra Leone,Milk - inc. cheese,7,9.97,Africa
Sierra Leone,Wheat and Wheat Products,8.719999999999999,1.6600000000000001,Africa
Sierra Leone,Rice,103.3,132.19,Africa
Sierra Leone,Soybeans,0,0,Africa
Sierra Leone,Nuts inc. Peanut Butter,5.57,9.860000000000001,Africa
Sri Lanka,Pork,0.05,0.18,Asia
Sri Lanka,Poultry,4.96,5.33,Asia
Sri Lanka,Beef,1.3800000000000001,42.58,Asia
Sri Lanka,Lamb & Goat,0.09,3.15,Asia
Sri Lanka,Fish,24.919999999999998,39.790000000000006,Asia
Sri Lanka,Eggs,4.57,4.2,Asia
Sri Lanka,Milk - inc. cheese,34.98,49.83,Asia
Sri Lanka,Wheat and Wheat Products,37.01,7.06,Asia
Sri Lanka,Rice,109.72,140.41,Asia
Sri Lanka,Soybeans,0,0,Asia
Sri Lanka,Nuts inc. Peanut Butter,1.09,1.93,Asia
Indonesia,Pork,2.98,10.55,Asia
Indonesia,Poultry,7.5,8.06,Asia
Indonesia,Beef,2.59,79.92,Asia
Indonesia,Lamb & Goat,0.46,16.110000000000003,Asia
Indonesia,Fish,25.650000000000002,40.949999999999996,Asia
Indonesia,Eggs,4.88,4.48,Asia
Indonesia,Milk - inc. cheese,14.82,21.110000000000003,Asia
Indonesia,Wheat and Wheat Products,25.45,4.85,Asia
Indonesia,Rice,134.62,172.26999999999998,Asia
Indonesia,Soybeans,1.12,0.5,Asia
Indonesia,Nuts inc. Peanut Butter,4.92,8.709999999999999,Asia
Liberia,Pork,4.01,14.19,Africa
Liberia,Poultry,8.91,9.57,Africa
Liberia,Beef,0.7799999999999999,24.07,Africa
Liberia,Lamb & Goat,0.48000000000000004,16.810000000000002,Africa
Liberia,Fish,4.13,6.59,Africa
Liberia,Eggs,2.05,1.8800000000000001,Africa
Liberia,Milk - inc. cheese,3.04,4.33,Africa
Liberia,Wheat and Wheat Products,10.950000000000001,2.09,Africa
Liberia,Rice,94.75,121.25,Africa
Liberia,Soybeans,0.63,0.28,Africa
Liberia,Nuts inc. Peanut Butter,1.31,2.32,Africa
Bangladesh,Pork,0,0,Asia
Bangladesh,Poultry,1.4,1.5,Asia
Bangladesh,Beef,1.28,39.5,Asia
Bangladesh,Lamb & Goat,1.33,46.58,Asia
Bangladesh,Fish,18.07,28.85,Asia
Bangladesh,Eggs,2.08,1.91,Asia
Bangladesh,Milk - inc. cheese,21.91,31.21,Asia
Bangladesh,Wheat and Wheat Products,17.47,3.3299999999999996,Asia
Bangladesh,Rice,171.73,219.76,Asia
Bangladesh,Soybeans,0.61,0.27,Asia
Bangladesh,Nuts inc. Peanut Butter,0.72,1.27,Asia
